time_exchange;time_coinpai;guid;price;base_amount;taker_side
2016-04-08T00:15:15.000000;2016-04-08T00:15:15.443000;330976f6-36e3-4139-80d5-1c4519587221;10.06;0.2;BUY
2016-04-08T00:15:15.000000;2016-04-08T00:15:15.443000;f67de69d-6763-49be-a9da-98a26ffe8ae6;10.103;1.8;BUY
2016-04-08T00:15:28.000000;2016-04-08T00:15:28.853000;3819a3b9-55a7-46c6-998c-4ef2fa24916f;10.08;0.2;BUY
2016-04-08T00:15:28.000000;2016-04-08T00:15:28.857000;3844eb12-29ff-4f5c-8581-beae59522ebf;10.096;1.8;BUY
2016-04-08T00:15:34.000000;2016-04-08T00:15:34.640000;affc99d1-5203-4872-b9ba-758f7526ae97;10.094;2.0;BUY
2016-04-08T00:18:44.000000;2016-04-08T00:18:44.450000;db394000-95fd-461d-b5db-6b41042289b4;10.053;5.5;SELL
2016-04-08T00:18:44.000000;2016-04-08T00:18:44.460000;d132e5cd-a632-4876-a3ff-70c2e67ac0dd;10.052;14.34631517;SELL
2016-04-08T00:22:17.000000;2016-04-08T00:22:17.557000;2581ef49-3065-40cd-9cb6-4aa1e1bb315d;10.119;1.47505059;BUY
2016-04-08T00:41:14.000000;2016-04-08T00:41:14.577000;ab591393-c03e-4916-be85-20ef2f04d165;10.157;5.5;BUY
2016-04-08T00:44:55.000000;2016-04-08T00:44:55.483000;7cf809d3-27b4-4cf1-93fb-b45054a42059;10.168;12.33060205;BUY
2016-04-08T00:44:55.000000;2016-04-08T00:44:55.497000;aaaf18ab-8801-4a7d-b163-77d2813dcb9c;10.169;12.32938969;BUY
2016-04-08T00:44:55.000000;2016-04-08T00:44:55.503000;5cb3a772-3569-48b2-bd3d-adf6c61daa57;10.171;12.32696519;BUY
2016-04-08T00:45:45.000000;2016-04-08T00:45:45.963000;d01a5bce-5254-4d9d-8af6-00fed128d479;10.217;14.2059;BUY
2016-04-08T00:45:45.000000;2016-04-08T00:45:45.973000;07505a39-8385-4dc1-bd6b-bf0e6bab5243;10.217;12.27146539;BUY
2016-04-08T00:45:45.000000;2016-04-08T00:45:45.977000;fd02ed53-89a2-4a5c-abf3-fd58a691e5a6;10.228;29.57283461;BUY
2016-04-08T00:46:30.000000;2016-04-08T00:46:30.580000;f0621d60-0750-4cb9-90ff-684414d87dd3;10.218;2.0;BUY
2016-04-08T00:54:13.000000;2016-04-08T00:54:13.270000;eaeb4b19-1ea7-4910-98fa-3e0e366a9799;10.199;1.0;BUY
2016-04-08T00:54:39.000000;2016-04-08T00:54:39.810000;cd058ebe-f946-4313-9fbd-da1d5348f798;10.199;5.0;BUY
2016-04-08T01:07:40.000000;2016-04-08T01:07:40.060000;f392577f-8e0b-473f-bb4b-2f825dcae11f;10.16;9.86980043;SELL
2016-04-08T01:07:45.000000;2016-04-08T01:07:45.643000;76f6fa51-a0a3-46c6-b08e-4cfda2fb835d;10.16;0.13019957;SELL
2016-04-08T01:07:45.000000;2016-04-08T01:07:45.653000;1a56302a-4869-4b63-a781-8e7573a42b80;10.15;0.05564941;SELL
2016-04-08T01:11:53.000000;2016-04-08T01:11:53.887000;c60794c2-b3b7-4b1b-a98e-6a8c4628b907;10.15;2.00694488;SELL
2016-04-08T01:12:04.000000;2016-04-08T01:12:05.163000;1dff0bd0-db0d-479f-af52-69bd3ccec729;10.15;4.45060949;SELL
2016-04-08T01:12:05.000000;2016-04-08T01:12:05.260000;b4282368-a5e7-4980-b257-d63deda319a7;10.15;3.48679622;SELL
2016-04-08T01:12:05.000000;2016-04-08T01:12:05.297000;461a7524-11d8-4287-a7a8-3cf8acef9b56;10.119;4.45060948;SELL
2016-04-08T01:12:05.000000;2016-04-08T01:12:05.723000;e3a480ba-446a-46b6-94e4-b77c69c872f7;10.119;8.91485363;SELL
2016-04-08T01:12:06.000000;2016-04-08T01:12:07.060000;0922422b-7374-4206-a8d7-faae78c67a26;10.119;4.45060949;SELL
2016-04-08T01:13:34.000000;2016-04-08T01:13:34.333000;792731ef-ee06-4366-ac05-dfbc1666a988;10.119;5.84342183;SELL
2016-04-08T01:20:18.000000;2016-04-08T01:20:18.460000;fa2a18d6-9017-4765-aa7b-95b08ee610d1;10.119;72.86545498;SELL
2016-04-08T01:25:38.000000;2016-04-08T01:25:38.133000;6eb05d9c-7a17-4d33-a499-fbb2f7a0a691;10.16;3.0;BUY
2016-04-08T01:25:47.000000;2016-04-08T01:25:47.107000;ac8443ae-f344-4d75-b33d-0f02a2455699;10.16;7.0;BUY
2016-04-08T01:25:47.000000;2016-04-08T01:25:47.107000;68676500-cd2f-45ba-8a06-264e22c23731;10.199;2.0;BUY
2016-04-08T01:37:43.000000;2016-04-08T01:37:44.833000;0f6e0aab-ee81-4bec-9acf-2519a8ecc53e;10.1;58.4697;SELL
2016-04-08T01:37:55.000000;2016-04-08T01:37:55.453000;8e6ffe3a-9dd7-4fb0-ade4-e7673efa4e6b;10.1;58.4697;SELL
2016-04-08T01:38:11.000000;2016-04-08T01:38:11.340000;9d324816-cf01-4518-9b5e-ed810696e603;10.102;38.64012088;SELL
2016-04-08T01:45:02.000000;2016-04-08T01:45:02.977000;c1304896-87c8-4823-b90b-94b3b9380ff4;10.2;1.0;BUY
2016-04-08T01:45:22.000000;2016-04-08T01:45:22.107000;9e6dede0-e220-4f11-a485-945a31b9457f;10.2;1.0;BUY
2016-04-08T01:46:08.000000;2016-04-08T01:46:08.303000;ed6103af-d452-47fc-a300-e1ac1345bfbd;10.109;58.56;SELL
2016-04-08T01:46:19.000000;2016-04-08T01:46:19.957000;8423d4a9-94cb-4952-85c9-353455f943c1;10.109;58.56;SELL
2016-04-08T01:46:34.000000;2016-04-08T01:46:34.067000;426a8bc6-b6e6-435a-889c-0096bb3f8389;10.109;93.0;SELL
2016-04-08T01:49:38.000000;2016-04-08T01:49:38.943000;42824877-8853-4636-b982-69a17cffc238;10.2;1.0;BUY
2016-04-08T01:49:43.000000;2016-04-08T01:49:43.640000;e3b7eb66-9737-46fd-b2d6-89db3b2521e4;10.2;2.0;BUY
2016-04-08T02:40:10.000000;2016-04-08T02:40:10.080000;9c331556-f56e-4600-9227-c7f6721a0d53;10.2;1.02931;BUY
2016-04-08T02:41:07.000000;2016-04-08T02:41:07.490000;7d3d3f2a-a713-4681-9d9a-1d0e37529692;10.2;1.02931;BUY
2016-04-08T02:42:25.000000;2016-04-08T02:42:25.063000;4c18970a-8fa6-4f9c-be45-d2bebde342d0;10.2;12.94138;BUY
2016-04-08T02:42:25.000000;2016-04-08T02:42:25.070000;4455b055-a62f-4d26-b246-e2b585f65fe9;10.2;7.74862;BUY
2016-04-08T02:42:26.000000;2016-04-08T02:42:26.223000;639b00f8-5ef3-47e2-8e1f-c0b77d8dd6b6;10.2;7.82;BUY
2016-04-08T02:42:27.000000;2016-04-08T02:42:27.177000;d06d2415-2944-4402-8ded-b8377b334a31;10.2;4.43138;BUY
2016-04-08T02:44:09.000000;2016-04-08T02:44:09.193000;fc81d7e3-21f5-4918-8415-71187fd0d7d9;10.235;20.0;BUY
2016-04-08T02:50:21.000000;2016-04-08T02:50:21.940000;7492b3a0-3b9f-49a9-a14d-4af4c52bdb0f;10.33;1.0;BUY
2016-04-08T02:50:35.000000;2016-04-08T02:50:35.660000;7d30e436-8da6-402f-b64f-b3b3dee2893d;10.33;5.0;BUY
2016-04-08T02:50:56.000000;2016-04-08T02:50:56.477000;7d3c2174-3c3f-4194-b10f-3c53b7ae3ebb;10.237;10.2;SELL
2016-04-08T02:50:56.000000;2016-04-08T02:50:56.480000;6cf0b3f0-9bcb-44f3-824a-6c19d38fd090;10.236;46.8;SELL
2016-04-08T02:51:41.000000;2016-04-08T02:51:41.517000;bbc08b75-ff68-4c1b-a249-d5888c5fb40d;10.212;70.0;SELL
2016-04-08T02:51:49.000000;2016-04-08T02:51:49.153000;f0594df5-f279-4f14-8bed-ad8b8981bb14;10.212;70.0;SELL
2016-04-08T02:54:19.000000;2016-04-08T02:54:20.030000;912cdce2-1813-4608-b5ca-da6d8d1f5dce;10.212;42.32824611;SELL
2016-04-08T02:58:17.000000;2016-04-08T02:58:17.350000;0b1b4cb1-32c8-495a-8272-0cc5687e5fb7;10.234;2.4;SELL
2016-04-08T02:58:17.000000;2016-04-08T02:58:17.360000;d9656a04-64ae-470d-820a-6fbe6e92b291;10.233;17.6;SELL
2016-04-08T03:00:05.000000;2016-04-08T03:00:05.427000;94ed0e84-0071-4e04-816c-ab511e0860ee;10.34;8.68;SELL
2016-04-08T03:00:13.000000;2016-04-08T03:00:13.860000;455aa4df-fed5-448d-b470-47b68cfd78b3;10.34;1.32;SELL
2016-04-08T03:07:43.000000;2016-04-08T03:07:43.487000;fa45f7c0-e83f-490d-8320-3d0caa268833;10.3;0.3953413;SELL
2016-04-08T03:07:59.000000;2016-04-08T03:07:59.680000;32cae00b-44aa-483a-b6e5-b5f992b403c2;10.285;29.0;SELL
2016-04-08T03:08:28.000000;2016-04-08T03:08:28.483000;8603700c-3144-4a79-bcc0-8d2e8eb90849;10.261;29.0;SELL
2016-04-08T03:09:43.000000;2016-04-08T03:09:43.833000;112d7f8e-37ef-402d-9aaa-b1b7ec8d0374;10.34;0.17181973;BUY
2016-04-08T03:09:49.000000;2016-04-08T03:09:49.557000;1df52a69-d50b-4c64-a098-904ba9b9965e;10.34;0.18584898;BUY
2016-04-08T03:18:13.000000;2016-04-08T03:18:13.697000;c22a7ad2-c8c3-42a2-9735-7e1a145278ee;10.224;0.9;SELL
2016-04-08T03:18:13.000000;2016-04-08T03:18:13.710000;d550b478-7d26-4a26-a02c-65de2d27ff0c;10.223;44.1;SELL
2016-04-08T04:18:43.000000;2016-04-08T04:18:44.053000;c89a471a-3049-4461-b62e-a9f611596863;10.191;58.3538;SELL
2016-04-08T04:18:43.000000;2016-04-08T04:18:44.063000;3085a222-b6a7-436e-8ae1-e386c6865168;10.19;39.99178262;SELL
2016-04-08T04:37:43.000000;2016-04-08T04:37:43.903000;d01ba0f5-d1ee-4995-8fd8-c9d65c8c5332;10.211;6.6;SELL
2016-04-08T04:37:43.000000;2016-04-08T04:37:43.920000;a5869187-e1ae-4dd0-8e9e-6248a55b2116;10.21;57.733;SELL
2016-04-08T04:37:43.000000;2016-04-08T04:37:43.923000;6ed146ef-c810-4fce-8f53-9e47f2df6476;10.21;13.207226;SELL
2016-04-08T04:37:46.000000;2016-04-08T04:37:46.643000;de5ce470-3d35-46eb-8c43-15fc097bca8e;10.21;102.459774;BUY
2016-04-08T06:00:43.000000;2016-04-08T06:00:43.563000;20874c42-34b8-4d0e-9a7e-c9552f5f8db6;10.19;0.32336804;SELL
2016-04-08T06:01:17.000000;2016-04-08T06:01:17.780000;f979d28c-60fb-41f5-9c35-17a2b052ecb5;10.19;0.3503;SELL
2016-04-08T06:04:12.000000;2016-04-08T06:04:12.553000;36234b5c-7aad-47f9-90c8-77da698adb1c;10.19;105.33;SELL
2016-04-08T06:04:14.000000;2016-04-08T06:04:14.947000;30563573-fadf-4ce8-a6de-9262b8399aad;10.19;0.00454934;SELL
2016-04-08T06:05:57.000000;2016-04-08T06:06:00.100000;37ff436f-340e-4b7b-ad56-4857c47e8d0b;10.051;38.3;SELL
2016-04-08T06:05:57.000000;2016-04-08T06:06:00.107000;34a55a5b-e1ae-4513-b746-bf43e14e190b;10.04;0.3503;SELL
2016-04-08T06:05:57.000000;2016-04-08T06:06:00.110000;5b688a2b-5c03-4176-84ab-9fefadeb3be2;10.011;8.3476501;SELL
2016-04-08T06:05:57.000000;2016-04-08T06:06:00.143000;a9972607-1631-451c-99ba-091841ba232f;10.011;9.945132;SELL
2016-04-08T06:05:57.000000;2016-04-08T06:06:00.143000;68f25125-8cb2-4114-8cfd-d90ee420c2e9;10.01;29.8272179;SELL
2016-04-08T06:22:02.000000;2016-04-08T06:22:02.643000;295396fd-62cd-439e-ab22-cbd192cb0433;10.185;58.7222;BUY
2016-04-08T06:22:02.000000;2016-04-08T06:22:02.653000;6613c8ee-8916-4a34-900c-bc51f6d7ae15;10.186;12.308812;BUY
2016-04-08T06:22:02.000000;2016-04-08T06:22:02.657000;6b8f16e2-6313-40cc-a068-04249cdf151e;10.186;8.0;BUY
2016-04-08T06:22:02.000000;2016-04-08T06:22:02.690000;f47e875e-f8b9-4e00-a764-733d9f1832e7;10.186;12.1;BUY
2016-04-08T06:22:02.000000;2016-04-08T06:22:02.690000;5a06f7f0-c9ee-42a3-a444-cc7a1a63e98e;10.213;20.45219171;BUY
2016-04-08T06:25:22.000000;2016-04-08T06:25:23.020000;27d2e629-f454-4740-b339-352e77dc262e;10.07;20.0;SELL
2016-04-08T06:25:22.000000;2016-04-08T06:25:23.030000;201851a1-2189-4618-87be-5313a8cc18fb;10.032;91.36003731;SELL
2016-04-08T06:56:49.000000;2016-04-08T06:56:49.980000;04cbe6b0-51cf-4a96-8376-d0a785442783;10.099;38.1619;BUY
2016-04-08T07:00:05.000000;2016-04-08T07:00:05.250000;e7ebef74-3d74-4d43-89c8-ae827eb5e3f4;10.03;20.0;SELL
2016-04-08T07:18:40.000000;2016-04-08T07:18:40.777000;6c44a535-a66c-4b0d-887c-1c64f088df27;10.03;9.12629768;BUY
2016-04-08T07:41:34.000000;2016-04-08T07:41:34.690000;ec3aacd3-ab77-4db3-beb7-0129105a21c5;10.03;20.0;SELL
2016-04-08T07:41:34.000000;2016-04-08T07:41:34.697000;4088ac5e-eb33-4807-9702-faae85de314b;10.01;20.0;SELL
2016-04-08T07:42:31.000000;2016-04-08T07:42:31.353000;1fab7492-f1fb-48b2-ba9e-9634cfd1ac66;10.005;8.35265618;SELL
2016-04-08T07:42:31.000000;2016-04-08T07:42:31.363000;c0ffa1c8-0391-4293-be16-80fe3967f1c1;10.0;20.0;SELL
2016-04-08T07:42:31.000000;2016-04-08T07:42:31.367000;4369c91d-a8a8-44ba-a814-4b9d531bb0ab;10.0;19.64734382;SELL
2016-04-08T07:57:07.000000;2016-04-08T07:57:07.777000;98e726a5-000d-4479-b613-3a43510ae374;10.0;0.35265618;SELL
2016-04-08T07:57:07.000000;2016-04-08T07:57:07.787000;8c575173-a658-47f8-a67e-c8fefbf4849a;10.0;40.0;SELL
2016-04-08T08:03:36.000000;2016-04-08T08:03:37.000000;5b0a6511-5891-4dfb-9b20-136e2be68fd8;9.98;4.109178;SELL
2016-04-08T08:03:39.000000;2016-04-08T08:03:39.703000;761a090d-9141-4fac-9a26-f5b4199dfc12;9.98;1.139772;SELL
2016-04-08T08:03:51.000000;2016-04-08T08:03:51.380000;a5ccadea-5e17-4e52-aa16-b13f607c6508;9.98;11.89898445;SELL
2016-04-08T08:04:03.000000;2016-04-08T08:04:03.883000;91882ddf-625d-48b4-937f-dedcf3eb9ff7;9.98;7.708458;SELL
2016-04-08T08:04:05.000000;2016-04-08T08:04:05.527000;1dc31d81-699f-42fb-a41f-13453dc7655a;9.98;0.92051115;SELL
2016-04-08T08:04:07.000000;2016-04-08T08:04:07.287000;5c9e6fc5-29e3-4932-ae36-a6da24d71aad;9.962;5.0;SELL
2016-04-08T08:04:07.000000;2016-04-08T08:04:07.947000;c946aad1-6848-41ac-be28-dbf7e2cac768;9.96;2.708458;SELL
2016-04-08T08:05:02.000000;2016-04-08T08:05:02.850000;314dea9d-3e18-4a08-a1bf-81e5bd490495;9.96;8.63524253;SELL
2016-04-08T08:05:06.000000;2016-04-08T08:05:06.500000;9d995ff5-f289-4f82-ac60-288a13b3061e;9.96;8.63524253;SELL
2016-04-08T08:05:09.000000;2016-04-08T08:05:09.857000;492df506-5a4d-47a0-bee4-eca43bba640d;9.96;0.02105694;SELL
2016-04-08T08:05:09.000000;2016-04-08T08:05:09.870000;c4546b67-22eb-4b6b-b426-ecbd53f46282;9.96;8.64542711;SELL
2016-04-08T08:05:13.000000;2016-04-08T08:05:14.010000;6193f983-2f20-4bde-b255-40c42bddf252;9.96;8.63524253;SELL
2016-04-08T08:05:16.000000;2016-04-08T08:05:16.193000;9b359efb-2273-4b0c-80fd-70d9b2a8f1e7;9.96;22.71933036;SELL
2016-04-08T08:05:21.000000;2016-04-08T08:05:21.380000;067c141c-4d79-43b0-8717-08cc15d8997f;9.95;1.34735078;SELL
2016-04-08T08:05:45.000000;2016-04-08T08:05:45.403000;dae92f9b-90f0-48a0-97ad-d23693d46c82;9.95;56.87;SELL
2016-04-08T08:05:46.000000;2016-04-08T08:05:46.373000;a45a08cf-1919-473f-9bea-57f37bd606bb;9.95;41.78264922;SELL
2016-04-08T08:05:47.000000;2016-04-08T08:05:47.960000;19cc52bc-e140-4b52-a4ce-d0124d9ca42f;9.9495;0.1;SELL
2016-04-08T08:06:02.000000;2016-04-08T08:06:02.250000;222ec3cd-1c96-4a12-b503-a3b52b0db96a;9.9485;0.1;SELL
2016-04-08T08:06:02.000000;2016-04-08T08:06:02.267000;fa35cb95-6e9f-4c19-89e6-a0bad3580382;9.9485;0.1;SELL
2016-04-08T08:06:55.000000;2016-04-08T08:06:55.123000;29ba83d8-74de-4a66-9c26-fbf922bfba92;9.93;100.0;SELL
2016-04-08T08:07:10.000000;2016-04-08T08:07:10.510000;7949a726-c45e-46ee-80f1-dd67e4050f55;9.93;5.46504477;SELL
2016-04-08T08:12:47.000000;2016-04-08T08:12:47.890000;9f72ba07-a2ef-4c39-9938-cb6bb0425065;9.96;8.63524253;BUY
2016-04-08T08:29:06.000000;2016-04-08T08:29:06.780000;a4cd5b89-9498-4d5a-9592-e67c14364fbb;9.94;8.59;SELL
2016-04-08T08:29:13.000000;2016-04-08T08:29:13.093000;32b36b46-afbe-4366-9297-7eac3cbb005c;9.94;21.91;SELL
2016-04-08T08:29:13.000000;2016-04-08T08:29:13.527000;d759e975-5e41-41d9-9ec1-e8e9eb65d188;9.94;19.5;SELL
2016-04-08T08:29:35.000000;2016-04-08T08:29:35.407000;df0f4038-c353-4cf9-82ee-6ba07becee6f;9.93;77.88;SELL
2016-04-08T08:29:36.000000;2016-04-08T08:29:36.083000;19c78d02-1c42-4bc8-aa22-832307ad6ed2;9.93;16.65495523;SELL
2016-04-08T08:29:37.000000;2016-04-08T08:29:37.870000;cca747ac-471d-414c-b134-52db73efef16;9.929;0.1;SELL
2016-04-08T08:29:37.000000;2016-04-08T08:29:37.890000;857c9106-9d6e-4c2e-86f1-e22b4ebcd55f;9.929;0.1;SELL
2016-04-08T08:30:01.000000;2016-04-08T08:30:01.597000;466ed7f3-3867-4fa1-8e41-214870ddaddf;9.929;10.0;BUY
2016-04-08T08:30:18.000000;2016-04-08T08:30:19.037000;0bc3f05e-ecda-4e32-9bc7-927896d385c3;9.9267;0.1;SELL
2016-04-08T08:30:18.000000;2016-04-08T08:30:19.050000;c987cc63-8a24-4f81-a036-20379622a5fc;9.9;0.8998;SELL
2016-04-08T08:30:19.000000;2016-04-08T08:30:19.250000;2b387dde-1616-4fd4-872d-b062303e79df;9.9;11.6874415;SELL
2016-04-08T08:30:19.000000;2016-04-08T08:30:19.903000;567c04de-f0d7-4199-80ba-cddb574d2037;9.9;187.4127585;SELL
2016-04-08T08:31:33.000000;2016-04-08T08:31:33.670000;beda976a-3c4d-4230-84f4-e3842bf65b2b;9.8;0.99859959;SELL
2016-04-08T08:31:36.000000;2016-04-08T08:31:36.623000;71112533-23d6-46c6-8c13-aa691cc11bb2;9.8;199.00140041;SELL
2016-04-08T08:31:36.000000;2016-04-08T08:31:36.630000;7a5420d5-df2f-4304-a082-09acff408c8f;9.8;22.65859959;SELL
2016-04-08T08:31:37.000000;2016-04-08T08:31:37.640000;bd17f6b4-10be-4922-b054-53ba2a3bd4a0;9.8;8.91593083;SELL
2016-04-08T08:31:42.000000;2016-04-08T08:31:42.210000;a50d0d66-1294-463c-834f-5d9e7085bf78;9.8;8.9241493;SELL
2016-04-08T08:31:46.000000;2016-04-08T08:31:46.617000;7f6054d5-7d99-4de5-ab5f-179e7a8c72bf;9.8;59.5;SELL
2016-04-08T08:31:46.000000;2016-04-08T08:31:46.960000;aebdc2d9-5194-4442-8a83-8788e35ab3a4;9.8;0.00132028;SELL
2016-04-08T08:32:56.000000;2016-04-08T08:32:56.630000;8fb28e88-49e6-407d-8f4b-64f1b7a88d0b;9.781;0.3503;SELL
2016-04-08T08:32:56.000000;2016-04-08T08:32:56.633000;2f4d0d41-c771-435e-9b11-838ebcaa79c6;9.78;0.3503;SELL
2016-04-08T08:32:56.000000;2016-04-08T08:32:56.633000;8e4ff04c-eeec-411c-a74d-4697eee26b6f;9.78;49.9994;SELL
2016-04-08T08:33:16.000000;2016-04-08T08:33:17.010000;8f1dff53-490e-4faf-b2e5-acb03600672d;9.78;0.0006;SELL
2016-04-08T08:33:16.000000;2016-04-08T08:33:17.020000;33a906f7-ba1b-42d7-97b6-5525ab249fff;9.779;0.3494;SELL
2016-04-08T08:33:26.000000;2016-04-08T08:33:27.007000;044e4c26-b5a9-4b3d-8327-5480a8649097;9.779;0.0009;SELL
2016-04-08T08:33:26.000000;2016-04-08T08:33:27.020000;1ced3367-05eb-437b-b1f4-3cdd218cab7b;9.771;0.3503;SELL
2016-04-08T08:33:26.000000;2016-04-08T08:33:27.033000;7e6386ee-43b3-45ae-b0d7-b153c470a118;9.771;0.3488;SELL
2016-04-08T08:34:18.000000;2016-04-08T08:34:18.057000;2153beab-361b-4fb7-8f00-617e6b799039;9.771;0.0015;SELL
2016-04-08T08:34:18.000000;2016-04-08T08:34:18.110000;92a78044-9eb0-466f-ade7-83ede69de72e;9.723;0.9985;SELL
2016-04-08T08:37:50.000000;2016-04-08T08:37:50.947000;7e8eeb8f-419b-4b28-9663-d610981d7354;9.72;100.0;SELL
2016-04-08T08:39:22.000000;2016-04-08T08:39:22.980000;0532b5cc-027f-4f64-a9f7-fcf7782780af;9.7;1.0;SELL
2016-04-08T08:39:23.000000;2016-04-08T08:39:23.230000;8d55fee4-5f72-4189-b382-e879a8494ca0;9.676;0.3503;SELL
2016-04-08T08:41:03.000000;2016-04-08T08:41:03.067000;60e4bc0d-6aca-4ca4-ae00-bd4a910fee0c;9.662;5.0;SELL
2016-04-08T08:41:03.000000;2016-04-08T08:41:03.070000;0b3e5577-4827-48d2-a485-59302b8fe14c;9.66;95.0;SELL
2016-04-08T08:41:10.000000;2016-04-08T08:41:10.177000;cd99a53f-059c-45cc-b9ba-967c5bc1fd35;9.66;100.0;SELL
2016-04-08T08:41:44.000000;2016-04-08T08:41:44.677000;1a735cfd-8088-45dd-a54b-3cb296fe2f2f;9.66;5.0;SELL
2016-04-08T08:44:53.000000;2016-04-08T08:44:53.547000;a284af56-c66b-4a4d-a206-3cdb2fa6668a;9.61;0.3503;SELL
2016-04-08T08:45:07.000000;2016-04-08T08:45:07.570000;0fb17e81-f7a0-4e61-8530-8343607e73ad;9.611;0.17900077;SELL
2016-04-08T08:46:59.000000;2016-04-08T08:46:59.207000;f10b529d-6848-4967-9543-7e6b70b7a588;9.71;0.3503;BUY
2016-04-08T08:46:59.000000;2016-04-08T08:46:59.213000;b16a24db-4f71-4c78-a675-60e687fcefaa;9.714;0.3497;BUY
2016-04-08T08:47:00.000000;2016-04-08T08:47:00.127000;591d6e5f-ce58-4a20-8177-94aa2fa93ad8;9.714;0.0006;BUY
2016-04-08T08:47:00.000000;2016-04-08T08:47:00.140000;1f5af093-fd26-4b05-b6d4-18d1fddd39c9;9.714;0.3503;BUY
2016-04-08T08:47:20.000000;2016-04-08T08:47:20.640000;7e40be16-c219-4ac4-beca-e6caca27501c;9.713;0.3503;BUY
2016-04-08T08:47:20.000000;2016-04-08T08:47:20.647000;34472928-54de-4982-bb6c-27f7eaa789ae;9.713;0.3497;BUY
2016-04-08T08:47:21.000000;2016-04-08T08:47:21.477000;45081561-726a-4251-ba90-c18f9cdac510;9.713;0.0006;BUY
2016-04-08T08:47:23.000000;2016-04-08T08:47:23.267000;828d5290-f666-4f82-bfa1-049abb6d96f5;9.721;0.3503;BUY
2016-04-08T08:48:08.000000;2016-04-08T08:48:08.780000;965d2774-1f52-4777-b6e6-e6ed3b30a3dc;9.723;0.3503;BUY
2016-04-08T08:48:08.000000;2016-04-08T08:48:08.790000;97b2b6dd-e6da-4073-9ad1-086a89d4e76c;9.723;0.3503;BUY
2016-04-08T08:52:03.000000;2016-04-08T08:52:03.313000;ab76d61d-44b7-4996-9021-7bb7a63fe31f;9.723;0.2994;SELL
2016-04-08T08:54:12.000000;2016-04-08T08:54:12.513000;b51d6ed0-75df-4593-9a36-a36eb440a5fd;9.66;1.0;SELL
2016-04-08T08:56:57.000000;2016-04-08T08:56:57.467000;00e4318d-382d-49f3-9a9f-e43daa08b60a;9.658;0.1;BUY
2016-04-08T08:56:57.000000;2016-04-08T08:56:57.477000;baac8467-843f-4bfc-8f44-46d6f469cb04;9.659;9.9;BUY
2016-04-08T08:59:26.000000;2016-04-08T08:59:26.193000;9cb564f0-eb75-44ef-9be7-3c14db465c45;9.659;51.49;BUY
2016-04-08T08:59:26.000000;2016-04-08T08:59:27.010000;2dfb495b-5d58-41c4-95e7-301a630d1d7d;9.659;0.1669;BUY
2016-04-08T09:16:01.000000;2016-04-08T09:16:01.927000;4a902c04-4ab6-4cf0-86a0-19c57ef22c98;9.716;8.5;SELL
2016-04-08T09:16:01.000000;2016-04-08T09:16:01.937000;9ff0f10d-9f44-473c-b81c-a0a2b5da2baf;9.715;12.87311368;SELL
2016-04-08T09:29:07.000000;2016-04-08T09:29:07.503000;bf93b277-c3b2-45fa-bdce-79cf0059d38d;9.817;9.09203661;BUY
2016-04-08T09:29:08.000000;2016-04-08T09:29:08.107000;78b35e75-d2d7-463b-95f8-ecfaf41ff3bc;9.817;0.11617831;BUY
2016-04-08T09:31:43.000000;2016-04-08T09:31:43.490000;b03079a8-91bc-455f-98bf-e1fff1524cbf;9.752;61.27;SELL
2016-04-08T09:49:00.000000;2016-04-08T09:49:00.840000;6a1f5149-88ae-464e-a3b9-f57d3e854a5d;9.623;1.00110304;SELL
2016-04-08T09:56:18.000000;2016-04-08T09:56:18.060000;61a5060e-0ece-4056-8e01-9a3bf82870dc;9.626;9.51815934;SELL
2016-04-08T10:05:24.000000;2016-04-08T10:05:24.200000;0da26e9f-13c4-4ef3-a222-5be710548e53;9.626;51.75204066;SELL
2016-04-08T10:05:24.000000;2016-04-08T10:05:24.217000;3c99ed26-e2e5-40c2-867f-9a94101940c6;9.623;18.99889696;SELL
2016-04-08T10:05:24.000000;2016-04-08T10:05:24.247000;f036feec-a6da-4042-8d8c-18b3748e977d;9.616;0.3505;SELL
2016-04-08T10:05:24.000000;2016-04-08T10:05:24.247000;ab9cfb73-3dd7-4998-9a0b-afd1ec8eb9ea;9.61;200.0;SELL
2016-04-08T10:05:24.000000;2016-04-08T10:05:24.247000;e5ad9f39-edbe-405d-b069-39b89125ad9a;9.6;228.89856238;SELL
2016-04-08T10:13:19.000000;2016-04-08T10:13:19.900000;2611971c-cb4d-41dc-9789-8b09058ebb98;9.691;25.318923;BUY
2016-04-08T10:13:28.000000;2016-04-08T10:13:28.993000;f208ecaf-0d42-4f9b-adf5-6cb0dd3cb0da;9.693;25.318923;BUY
2016-04-08T10:15:21.000000;2016-04-08T10:15:21.313000;d1cad1d0-e918-4968-b8f1-4993a70af564;9.725;0.35;BUY
2016-04-08T10:15:23.000000;2016-04-08T10:15:23.340000;ea14a60b-0ba7-4d11-8b78-29efeb66c1a1;9.725;0.0003;BUY
2016-04-08T10:15:30.000000;2016-04-08T10:15:30.320000;e23b7ced-dd1c-49bb-93df-dc348e3a379b;9.73;10.0;BUY
2016-04-08T10:15:35.000000;2016-04-08T10:15:35.043000;dfd8426c-c3f2-45da-9580-cb183ad92e67;9.7595;8.5;BUY
2016-04-08T10:15:35.000000;2016-04-08T10:15:35.053000;07e95892-86db-473e-856d-205b13bb98ec;9.8;1.5;BUY
2016-04-08T10:18:37.000000;2016-04-08T10:18:37.797000;83b9936f-61ae-48be-8114-ee36ed1d4be0;9.731;5.0;SELL
2016-04-08T10:44:37.000000;2016-04-08T10:44:37.040000;32b61e5b-5dfd-4576-9a42-d0ed9997ee05;9.619;3.0;SELL
2016-04-08T11:03:09.000000;2016-04-08T11:03:09.840000;3b06225f-02ac-447d-8042-f82f0859d21e;9.711;0.52;BUY
2016-04-08T11:03:27.000000;2016-04-08T11:03:27.627000;070b481c-8f44-4048-a3f6-a588adfdfa0a;9.711;0.65;BUY
2016-04-08T11:22:23.000000;2016-04-08T11:22:23.167000;311214ec-6ed7-456a-aea6-affe2b9c66ee;9.771;30.0;SELL
2016-04-08T11:22:26.000000;2016-04-08T11:22:26.917000;d8db3656-a680-49fa-b4a4-64af75b50dc2;9.8;8.5;BUY
2016-04-08T11:22:26.000000;2016-04-08T11:22:26.923000;93a8dab1-7400-410b-9b6d-4b6b1d481cd2;9.8;10.0;BUY
2016-04-08T11:22:26.000000;2016-04-08T11:22:26.943000;7b5be91f-c3ff-40ed-a13a-17f034af2a8c;9.8;10.0;BUY
2016-04-08T11:22:37.000000;2016-04-08T11:22:38.003000;1680f902-ad03-48df-abb0-14dc8a00a324;9.802;30.0;SELL
2016-04-08T11:22:42.000000;2016-04-08T11:22:42.227000;624a127b-630c-45b5-b28c-a74833d1fa97;9.802;30.0;SELL
2016-04-08T11:24:49.000000;2016-04-08T11:24:49.717000;d5212cc4-7ad4-44bd-a56c-780fc73d83f2;9.803;9.2;SELL
2016-04-08T11:24:49.000000;2016-04-08T11:24:49.737000;6c21ce71-7fac-4053-93d5-d4707414bd47;9.802;10.8;SELL
2016-04-08T11:25:09.000000;2016-04-08T11:25:09.663000;6d690b4c-331c-40c4-9b2c-1368830c6d71;9.802;19.5199;SELL
2016-04-08T12:10:13.000000;2016-04-08T12:10:14.013000;30669b7c-9e7c-4b1a-b3e6-f64f5dd97408;9.771;20.0;BUY
2016-04-08T12:31:27.000000;2016-04-08T12:31:27.290000;863cbca6-57c8-4c13-ad70-e79c69d73ea1;9.666;2.07;SELL
2016-04-08T12:36:11.000000;2016-04-08T12:36:11.880000;562a6313-0df2-4ea4-a906-257eb46714d1;9.666;1.2292366;SELL
2016-04-08T12:41:21.000000;2016-04-08T12:41:22.040000;a5557b2e-a121-44d0-8f37-699915a8995e;9.7479;12.2;BUY
2016-04-08T12:41:21.000000;2016-04-08T12:41:22.057000;f39d04dd-1bfe-43eb-b0d3-5e637bdfb6bd;9.7489;2.789072;BUY
2016-04-08T12:41:21.000000;2016-04-08T12:41:22.093000;5002a74a-6711-4c05-95ea-340864b841ee;9.7679;0.998;BUY
2016-04-08T12:41:21.000000;2016-04-08T12:41:22.093000;1c0cb2b8-37ba-4a51-b7d7-d6ca8f34eaee;9.7689;4.99;BUY
2016-04-08T12:41:21.000000;2016-04-08T12:41:22.093000;fa28aba3-86c3-46fa-ae33-43fde63b6ffa;9.799;79.022928;BUY
2016-04-08T12:57:23.000000;2016-04-08T12:57:23.410000;e31b62b6-5c8a-4f5f-8f33-345980dcc682;9.728;0.65306917;SELL
2016-04-08T13:02:13.000000;2016-04-08T13:02:13.620000;c1542c16-6cf6-484a-9cf9-68a7903ade45;9.729;5.46038671;SELL
2016-04-08T13:04:06.000000;2016-04-08T13:04:06.677000;b5ef8d83-6ede-49d9-a3f5-3bbd471e76d4;9.729;3.05044995;SELL
2016-04-08T13:10:44.000000;2016-04-08T13:10:44.993000;376759f9-ea51-424e-b64c-4365ec90dbff;9.7989;1.1102;BUY
2016-04-08T13:10:44.000000;2016-04-08T13:10:45.007000;6a1e10c0-4810-459e-bddf-bd973c346e38;9.799;0.8898;BUY
2016-04-08T13:15:47.000000;2016-04-08T13:15:47.300000;fd6a5d07-d1a2-4386-a159-827feb68f234;9.799;3.2263;BUY
2016-04-08T13:24:49.000000;2016-04-08T13:24:49.920000;b6d5c5c1-135e-49b2-a301-9f8c64570650;9.794;61.3921;BUY
2016-04-08T13:24:49.000000;2016-04-08T13:24:49.927000;24897d76-bb31-4a6b-8909-064ab4a594d1;9.7953;2.778428;BUY
2016-04-08T13:24:49.000000;2016-04-08T13:24:49.933000;f264b1da-f861-42be-85bf-24a62b26a225;9.8;30.0;BUY
2016-04-08T13:24:49.000000;2016-04-08T13:24:49.963000;344d403b-c8d7-4430-93a4-72ca4612f0d6;9.8;5.829472;BUY
2016-04-08T13:32:06.000000;2016-04-08T13:32:06.500000;b40bb329-e50f-4772-9a82-35ae752ce30c;9.749;1.0;BUY
2016-04-08T13:36:05.000000;2016-04-08T13:36:05.960000;1baa81c3-2e4f-421e-a2fd-465964b8cb99;9.749;9.5;BUY
2016-04-08T13:48:45.000000;2016-04-08T13:48:45.363000;775de821-3391-4b98-9609-d5024c1cdff0;9.729;0.54184;SELL
2016-04-08T13:49:13.000000;2016-04-08T13:49:14.017000;92b90774-03db-4885-b88d-e72f54192bac;9.729;3.49048854;SELL
2016-04-08T13:49:17.000000;2016-04-08T13:49:17.737000;083734e2-aef7-49f8-a4eb-2292302dfb4e;9.729;8.99780423;SELL
2016-04-08T13:49:20.000000;2016-04-08T13:49:20.703000;ec41e1e7-8bfa-40f3-ae24-a1f3a21d9ff6;9.729;8.99780423;SELL
2016-04-08T14:01:11.000000;2016-04-08T14:01:12.003000;25edd112-889f-4c75-8e25-359b59e5352d;9.681;33.0;SELL
2016-04-08T14:15:29.000000;2016-04-08T14:15:29.913000;2a4c1487-d5d0-420d-9cd0-5eb71abceb19;9.723;61.7319;BUY
2016-04-08T14:15:29.000000;2016-04-08T14:15:29.927000;fc88110e-d8ad-48c6-bfa8-49cf5685c9b6;9.729;8.99780423;BUY
2016-04-08T14:15:39.000000;2016-04-08T14:15:39.043000;6ae91335-d4fc-4161-9448-b3367967c7df;9.75;2.04;BUY
2016-04-08T14:46:49.000000;2016-04-08T14:46:49.507000;e69cac5f-7ff7-4e56-8a37-1b74d61b0777;9.799;2.0;BUY
2016-04-08T15:15:27.000000;2016-04-08T15:15:27.723000;c697459d-0a25-48a6-813a-00d57b7d5042;9.744;1.01087396;SELL
2016-04-08T15:27:05.000000;2016-04-08T15:27:05.550000;fcdf8599-a8db-4141-af48-e9716bed15d2;9.8;3.0;BUY
2016-04-08T15:35:35.000000;2016-04-08T15:35:36.503000;92af0f74-27a5-4cd2-8935-32851c07fea5;9.8;0.53547;BUY
2016-04-08T15:37:18.000000;2016-04-08T15:37:18.337000;62bda35f-f961-48dc-8f0d-855e64e3d773;9.8;0.41;BUY
2016-04-08T15:37:18.000000;2016-04-08T15:37:18.763000;ece38594-5b4e-4536-a9d1-cac13910c171;9.8;0.41;BUY
2016-04-08T15:37:19.000000;2016-04-08T15:37:19.883000;82b95150-70c9-4cb8-ba9e-2eddc7accfa7;9.8;0.18;BUY
2016-04-08T15:37:22.000000;2016-04-08T15:37:22.123000;4cf1e1d2-e4c5-478e-a62a-9a476f22d35a;9.8;0.23;BUY
2016-04-08T15:37:24.000000;2016-04-08T15:37:24.197000;4e890214-7088-4f92-bac7-64ab8c0dd214;9.8;0.41;BUY
2016-04-08T15:37:25.000000;2016-04-08T15:37:25.353000;f47ad62f-ea10-410a-ab66-b4f0a0eac79d;9.8;0.41;BUY
2016-04-08T15:37:33.000000;2016-04-08T15:37:33.443000;1b5a45b8-66b0-4a03-afb0-02bcf179c641;9.8;0.41;BUY
2016-04-08T15:37:35.000000;2016-04-08T15:37:35.200000;95040593-d7c2-459f-9283-57b4c212e164;9.8;0.41;BUY
2016-04-08T15:37:35.000000;2016-04-08T15:37:35.540000;ca58e522-ac6e-4ab0-9e94-d1e5ed2417ba;9.8;0.41;BUY
2016-04-08T15:37:36.000000;2016-04-08T15:37:36.300000;5a7197dc-dff3-4df2-9a0e-2ea772662712;9.8;0.41;BUY
2016-04-08T15:37:37.000000;2016-04-08T15:37:37.330000;77ffcb37-cfe6-41b8-b14d-5da680e0b4a9;9.8;0.41;BUY
2016-04-08T15:37:38.000000;2016-04-08T15:37:38.980000;63903c38-1ce2-44c2-a405-b7656f7151e7;9.8;0.41;BUY
2016-04-08T15:37:39.000000;2016-04-08T15:37:39.363000;4e30b8b5-7893-4d07-b32c-7feb62ab9590;9.8;0.41;BUY
2016-04-08T15:37:40.000000;2016-04-08T15:37:40.690000;d33b0540-9f31-4432-800c-b4521e3c587d;9.8;0.41;BUY
2016-04-08T15:37:41.000000;2016-04-08T15:37:41.520000;a491fefb-2a4b-44a4-961a-578033983fa2;9.8;0.41;BUY
2016-04-08T15:37:42.000000;2016-04-08T15:37:42.650000;fc470a1b-3e07-4572-bf85-56f548d7b5b9;9.8;0.41;BUY
2016-04-08T15:37:43.000000;2016-04-08T15:37:43.863000;3c167d8a-5217-4f8c-ad32-cac22b65f811;9.8;0.41;BUY
2016-04-08T15:37:45.000000;2016-04-08T15:37:45.060000;01d711e9-eabb-41ba-b859-d734cc29e268;9.8;0.41;BUY
2016-04-08T15:37:45.000000;2016-04-08T15:37:45.640000;102c1084-38b3-44df-a84b-8a17902aaea1;9.8;0.41;BUY
2016-04-08T15:37:46.000000;2016-04-08T15:37:46.877000;91fa4d7f-e245-4821-8f65-509ce352f952;9.8;0.41;BUY
2016-04-08T15:37:48.000000;2016-04-08T15:37:48.863000;4facd30c-a230-4d9c-a132-272aa829913a;9.8;0.41;BUY
2016-04-08T15:37:50.000000;2016-04-08T15:37:50.637000;20b7ed98-c318-4bd9-9c1e-b66614dfb405;9.8;0.41;BUY
2016-04-08T15:37:51.000000;2016-04-08T15:37:51.263000;e8684fe5-9ccb-4bd3-a9a6-b977ab5de857;9.8;0.41;BUY
2016-04-08T15:37:52.000000;2016-04-08T15:37:52.127000;4c8e46f6-0ce7-4b15-8389-6c8cb82e5927;9.8;0.41;BUY
2016-04-08T15:37:52.000000;2016-04-08T15:37:52.920000;b3aa57cd-f610-4c49-b842-41442a9550f4;9.8;0.00388941;BUY
2016-04-08T15:38:04.000000;2016-04-08T15:38:04.933000;b5ffd4da-eead-4e21-bd8a-65ce4797db84;9.815;22.89719231;BUY
2016-04-08T15:38:04.000000;2016-04-08T15:38:04.940000;1ca52714-8f87-4ca4-b169-cabe4817b4b4;9.816;16.72280769;BUY
2016-04-08T15:38:24.000000;2016-04-08T15:38:24.280000;43d393d8-282d-4b35-9574-7e4e533028ab;9.816;6.17;BUY
2016-04-08T15:38:25.000000;2016-04-08T15:38:25.057000;849f71e9-6cd9-4022-833d-0d5b7ce63f2a;9.816;0.00438462;BUY
2016-04-08T15:38:26.000000;2016-04-08T15:38:26.127000;ba18f816-bf53-493b-86cf-1c1f88538b09;9.819;0.25;BUY
2016-04-08T15:38:27.000000;2016-04-08T15:38:27.380000;dead6d13-e7bb-4462-b0d5-97cc20ff6d4c;9.819;4.02;BUY
2016-04-08T15:39:39.000000;2016-04-08T15:39:39.650000;8c94308f-2c63-4d1b-b8ad-9469b9eb0f8f;9.819;18.62719231;BUY
2016-04-08T15:39:39.000000;2016-04-08T15:39:39.657000;b9a9027a-78ba-4e7c-96f8-08496ff4523c;9.85;1.37280769;BUY
2016-04-08T15:42:25.000000;2016-04-08T15:42:25.427000;0e47574f-ab9d-46eb-a185-ef82f222bcf6;9.85;0.8572;BUY
2016-04-08T15:53:51.000000;2016-04-08T15:53:51.483000;fa3b3f53-9e5c-4d4c-bf61-a103fc697ed7;9.806;36.90777537;SELL
2016-04-08T16:06:20.000000;2016-04-08T16:06:20.653000;b72de2fa-0cba-4209-ac9d-3a44493ac38e;9.72;8.2899018;SELL
2016-04-08T16:08:23.000000;2016-04-08T16:08:23.757000;81d27cb5-6377-40e3-bf23-c925eeb1a62b;9.768;102.1843;BUY
2016-04-08T16:11:39.000000;2016-04-08T16:11:39.143000;e3266880-1254-4316-bc86-22a192462132;9.797;2.0;BUY
2016-04-08T16:23:01.000000;2016-04-08T16:23:01.160000;0d5aa30d-41b8-4150-9168-b74891d0afce;9.768;2.59975;SELL
2016-04-08T16:26:30.000000;2016-04-08T16:26:30.207000;8ffb6bdd-c20e-4356-bc97-d25556562853;9.795;0.2795;BUY
2016-04-08T16:46:57.000000;2016-04-08T16:46:57.293000;b350c255-e428-49d9-8c18-df4444ec5839;9.78;2.125;SELL
2016-04-08T16:49:59.000000;2016-04-08T16:49:59.747000;8d2c3e0c-d4e7-4e59-a2e3-87c736aed027;9.787;50.0;BUY
2016-04-08T16:57:01.000000;2016-04-08T16:57:01.900000;6a391993-c170-43bf-86a7-4d95f188c4f9;9.787;52.3645;BUY
2016-04-08T17:07:55.000000;2016-04-08T17:07:55.660000;2265acfd-3f99-4226-9ad3-0638b2aac040;9.8;1.0;BUY
2016-04-08T17:07:55.000000;2016-04-08T17:07:55.673000;193d5957-fbe8-4a0b-b233-b246c1753558;9.805;18.28514821;BUY
2016-04-08T17:08:42.000000;2016-04-08T17:08:42.350000;fb4c2185-ed73-441d-ad55-6c6ed65be2dd;9.78;0.375;SELL
2016-04-08T17:14:42.000000;2016-04-08T17:14:42.987000;9b28dde2-f4b0-4271-8e12-55a37ec07ec0;9.78;0.625;BUY
2016-04-08T17:14:42.000000;2016-04-08T17:14:42.997000;ea6831af-17e1-4b4f-b81f-022b1b67ac6d;9.8058;2.770886;BUY
2016-04-08T17:14:42.000000;2016-04-08T17:14:43.023000;f702d685-7a4f-4973-8c30-36ef4636e32b;9.85;1.604114;BUY
2016-04-08T17:15:29.000000;2016-04-08T17:15:30.033000;2e780c35-41fd-4162-90d3-3f3b08fb13dd;9.85;2.0;BUY
2016-04-08T17:15:41.000000;2016-04-08T17:15:41.070000;2ffdea1e-c39e-48ef-a03e-6782075ec7e7;9.85;20.0;BUY
2016-04-08T17:16:06.000000;2016-04-08T17:16:06.710000;272bf001-d235-4481-aa54-c29fcb7f9915;9.85;20.0;BUY
2016-04-08T17:17:34.000000;2016-04-08T17:17:34.490000;4b548b2c-5aa8-4504-acfb-f9a635e783b8;9.82;2.0;SELL
2016-04-08T17:18:45.000000;2016-04-08T17:18:45.483000;5b79e911-3812-4519-8f10-ecd67ae41157;9.8;20.0;SELL
2016-04-08T17:25:28.000000;2016-04-08T17:25:28.527000;c65cb14f-8130-4030-b6a2-0935ff7792e6;9.79;5.0;SELL
2016-04-08T17:25:28.000000;2016-04-08T17:25:28.537000;9e23d0d2-a519-43e7-92d8-8a59b871ee60;9.78;5.0;SELL
2016-04-08T17:25:44.000000;2016-04-08T17:25:44.420000;18b4505a-76d5-41c9-9a2b-7169d38cc0da;9.77;5.0;SELL
2016-04-08T17:25:44.000000;2016-04-08T17:25:44.420000;88c5ecb3-3e93-419c-80fd-102d91c3c5a3;9.768;16.98787737;SELL
2016-04-08T17:25:45.000000;2016-04-08T17:25:45.323000;e44b7d12-af8b-4547-93ba-68e1bfd209d6;9.768;27.53537;SELL
2016-04-08T17:25:45.000000;2016-04-08T17:25:45.783000;1ec6040c-032d-4deb-a993-e191b5e105bc;9.768;21.98787737;SELL
2016-04-08T17:25:45.000000;2016-04-08T17:25:45.793000;bfa134f6-dfee-433c-916a-4202a3a0d4de;9.768;7.04029317;SELL
2016-04-08T17:25:46.000000;2016-04-08T17:25:46.327000;c774356d-e064-45bd-a2dd-a1993faf088c;9.768;8.27023209;SELL
2016-04-08T17:27:26.000000;2016-04-08T17:27:26.783000;1970d573-337f-4c21-acb3-28a1a02f3302;9.7185;0.2;SELL
2016-04-08T17:28:22.000000;2016-04-08T17:28:22.210000;609767f4-6f4f-4b10-a733-9444170f2e21;9.719;15.31052526;BUY
2016-04-08T17:28:22.000000;2016-04-08T17:28:22.213000;49d8517a-3e31-45ee-a727-c9d9e5be2d66;9.72;0.2;BUY
2016-04-08T17:28:22.000000;2016-04-08T17:28:22.223000;dc409bd2-6786-4222-9ede-f710801a1a6e;9.736;4.48947474;BUY
2016-04-08T17:28:44.000000;2016-04-08T17:28:44.633000;487765f3-4243-45b9-85a5-06a53e73b7fc;9.734;0.7463338;BUY
2016-04-08T17:28:44.000000;2016-04-08T17:28:44.643000;899d59df-42e3-4e0e-8f2a-153f7524ad04;9.734;4.2536662;BUY
2016-04-08T17:28:50.000000;2016-04-08T17:28:50.527000;3d3fa72a-b90d-4b3c-84d4-c4784cef3572;9.734;5.0;BUY
2016-04-08T17:39:09.000000;2016-04-08T17:39:09.683000;9abd2241-c0c7-48ff-a84b-75cdddcb7671;9.734;6.05685906;BUY
2016-04-08T17:39:09.000000;2016-04-08T17:39:09.693000;36ed3462-4e4b-4da6-b9d6-25c691c2052a;9.734;3.94314094;BUY
2016-04-08T17:44:51.000000;2016-04-08T17:44:51.213000;cf58ab0f-a117-401f-beae-d8a5b561da0b;9.72;5.0;SELL
2016-04-08T17:46:51.000000;2016-04-08T17:46:51.533000;a292732c-c0ab-4c0c-90bc-f01772658c20;9.7185;2.590899;SELL
2016-04-08T17:46:56.000000;2016-04-08T17:46:57.057000;41414f01-6c50-4ca8-9baf-2e58faf6a743;9.67;101.9799;SELL
2016-04-08T18:11:05.000000;2016-04-08T18:11:05.330000;54870d15-680b-4a8a-85ad-2f5b5553093f;9.74;0.1;BUY
2016-04-08T18:13:06.000000;2016-04-08T18:13:06.417000;e8ba7e3f-656b-49b8-8f64-c904faa118a0;9.74;0.1;BUY
2016-04-08T18:25:44.000000;2016-04-08T18:25:44.980000;ab8022df-400c-47de-b28a-087ac5c09827;9.733;5.8;SELL
2016-04-08T18:25:44.000000;2016-04-08T18:25:44.990000;cf17120d-564b-4b33-b3c3-8ee05ce7abf1;9.732;9.0359;SELL
2016-04-08T18:27:31.000000;2016-04-08T18:27:31.230000;81982d44-c43b-4fd8-8dc8-9bfaaf385d81;9.767;0.2976;BUY
2016-04-08T18:40:34.000000;2016-04-08T18:40:34.903000;51cd84eb-ad7b-4b20-94ee-60fd09c8eac0;9.767;0.0525;BUY
2016-04-08T18:40:34.000000;2016-04-08T18:40:34.910000;b44ac830-8bfc-4516-a020-436b6daac752;9.769;0.3503;BUY
2016-04-08T18:40:34.000000;2016-04-08T18:40:34.913000;69486ad5-fff6-4530-aafa-83dee845315b;9.769;0.3501;BUY
2016-04-08T18:40:34.000000;2016-04-08T18:40:34.947000;69796e8b-1fd4-4ac8-ab6d-62f90391c274;9.769;0.3501;BUY
2016-04-08T18:40:41.000000;2016-04-08T18:40:42.257000;958c54e8-54f5-47c4-a9b9-f48f81d01e67;9.812;5.0;BUY
2016-04-08T18:40:47.000000;2016-04-08T18:40:47.143000;b369d81f-daa8-4037-be23-6de3ec5ee988;9.807;5.0;BUY
2016-04-08T18:42:33.000000;2016-04-08T18:42:33.843000;aa448812-33b9-4916-aeca-74d1655813c7;9.792;5.7;BUY
2016-04-08T18:42:33.000000;2016-04-08T18:42:33.853000;9855ad1c-e50b-49db-877b-b4eab08731b6;9.792;0.1;BUY
2016-04-08T18:42:33.000000;2016-04-08T18:42:33.857000;7df9473c-40a1-49b2-985d-aead57e0b1d6;9.816;4.2;BUY
2016-04-08T18:54:57.000000;2016-04-08T18:54:57.623000;23840eac-d8c5-43d8-8453-c2275fc4c0f0;9.78;2.0;SELL
2016-04-08T18:54:57.000000;2016-04-08T18:54:57.637000;0fa24019-7f1d-46d3-8091-a2fd4ad2f57f;9.78;2.950125;SELL
2016-04-08T18:57:27.000000;2016-04-08T18:57:27.860000;19d77af4-d981-4063-b476-4c2d9a131e31;9.78;0.049875;SELL
2016-04-08T18:57:27.000000;2016-04-08T18:57:27.880000;48a23215-9ec3-44e7-83bd-6265ac5c42e2;9.78;0.300425;SELL
2016-04-08T18:57:28.000000;2016-04-08T18:57:28.860000;2d8535dc-a0c9-43be-9090-91f253b0d8bb;9.78;0.3505;SELL
2016-04-08T19:00:40.000000;2016-04-08T19:00:40.230000;90f9d347-6f35-46f4-b6f5-a661cdaa9f4b;9.799;28.21454018;BUY
2016-04-08T19:00:40.000000;2016-04-08T19:00:40.253000;e4daa775-3199-4372-b723-561913d21f06;9.799;71.78545982;BUY
2016-04-08T19:00:45.000000;2016-04-08T19:00:45.787000;70d28354-f1a5-4337-800a-020a3ab0d23a;9.78;20.65896704;SELL
2016-04-08T19:03:36.000000;2016-04-08T19:03:36.760000;d70ca640-fc2d-4452-b14a-4c3ae64dd4b3;9.795;28.21454018;BUY
2016-04-08T19:03:36.000000;2016-04-08T19:03:36.760000;e7eb4767-2be0-48b6-ab80-bd5d3f1fe4ae;9.795;2.08545982;BUY
2016-04-08T19:04:05.000000;2016-04-08T19:04:06.030000;66e36898-9c2c-420e-9282-2394f7c97596;9.795;0.1;BUY
2016-04-08T19:07:37.000000;2016-04-08T19:07:37.247000;ac178e92-f621-4884-a01f-e4b7a06fc916;9.78;0.497102;SELL
2016-04-08T19:14:15.000000;2016-04-08T19:14:15.740000;f50f4171-34bd-4e21-9b67-c65c926c67cd;9.78;9.502898;SELL
2016-04-08T19:14:15.000000;2016-04-08T19:14:15.757000;29319dd3-53c1-408e-955c-239fc3da2a13;9.78;9.997102;SELL
2016-04-08T19:14:16.000000;2016-04-08T19:14:16.453000;6ddb73ee-c5fb-419e-9736-4c51401e724c;9.78;0.002898;SELL
2016-04-08T19:32:05.000000;2016-04-08T19:32:05.903000;bab47291-ff9f-4663-9758-8fa38b32785a;9.809;28.21454018;BUY
2016-04-08T19:32:05.000000;2016-04-08T19:32:05.910000;bf90f31d-27b5-4f19-bf0b-f102d7026407;9.815;21.78545982;BUY
2016-04-08T19:34:03.000000;2016-04-08T19:34:03.310000;648265f6-9135-4943-a8ac-d57ad20ead0f;9.815;6.42908036;BUY
2016-04-08T19:34:03.000000;2016-04-08T19:34:03.327000;1f07fe8f-6e79-4341-8f60-de0e6dcc0b05;9.818;12.92091964;BUY
2016-04-08T19:34:22.000000;2016-04-08T19:34:22.153000;1329c74e-4a32-4c29-abf2-5436eaeb40ec;9.818;3.8;BUY
2016-04-08T19:34:32.000000;2016-04-08T19:34:32.973000;aca29a0c-39d1-47cd-96d5-b22f2cba5e01;9.818;11.49;BUY
2016-04-08T19:34:38.000000;2016-04-08T19:34:38.517000;dd46e575-70bf-4a6f-9bad-a61671fedb87;9.818;0.00362054;BUY
2016-04-08T19:34:38.000000;2016-04-08T19:34:38.527000;02bd2575-9e5a-48e9-a7b9-c5b08c02900b;9.844;28.21454018;BUY
2016-04-08T19:34:38.000000;2016-04-08T19:34:38.653000;829450a3-c572-42fa-afd3-6842fd0ed48a;9.845;0.3503;BUY
2016-04-08T19:34:38.000000;2016-04-08T19:34:38.663000;9ce96c6b-6667-441c-825b-fc4995b9d76f;9.85;4.16587831;BUY
2016-04-08T19:35:18.000000;2016-04-08T19:35:18.160000;613d6bc5-8be0-4312-9907-22f1891c0d7d;9.873;0.3503;BUY
2016-04-08T19:35:18.000000;2016-04-08T19:35:18.170000;de1b4737-9c49-479f-ac66-2d5a1c8bcf34;9.92;0.5;BUY
2016-04-08T19:35:18.000000;2016-04-08T19:35:18.180000;6f6215b5-faae-4466-9bb9-7cfd76c0a189;9.927;0.1497;BUY
2016-04-08T19:35:55.000000;2016-04-08T19:35:55.350000;e5d377d5-925d-4bc5-b447-88893824218a;9.914;9.44384661;BUY
2016-04-08T19:35:55.000000;2016-04-08T19:35:55.353000;24f1c757-b124-4876-98f3-3660cc5c8a78;9.915;7.55615339;BUY
2016-04-08T19:41:50.000000;2016-04-08T19:41:50.247000;25470bb2-fc12-47d5-9eb5-ec01f9623063;9.929;1.0;BUY
2016-04-08T19:41:53.000000;2016-04-08T19:41:53.593000;89f991c7-ed9c-4a4c-98bb-00aceac72693;9.929;2.0;BUY
2016-04-08T19:42:14.000000;2016-04-08T19:42:14.310000;9a141254-c4d2-47d3-9b02-9b7594f12c04;9.886;100.677;SELL
2016-04-08T19:42:14.000000;2016-04-08T19:42:14.330000;cf050632-5678-46b8-86a0-bfecd6a562a0;9.85;99.323;SELL
2016-04-08T19:42:43.000000;2016-04-08T19:42:43.047000;64ff68e5-ee94-44f1-8cb5-1b32df4511b5;9.924;2.0;BUY
2016-04-08T19:44:07.000000;2016-04-08T19:44:07.167000;3c4a3f7c-6114-473d-b2ae-27c93dc9bade;9.929;100.751;BUY
2016-04-08T19:44:07.000000;2016-04-08T19:44:07.177000;4d043165-163a-4028-ab76-9eedcd915b80;9.93;26.5073;BUY
2016-04-08T19:48:45.000000;2016-04-08T19:48:45.300000;21a47941-552e-4da6-aef8-1ca614227227;9.93;23.4927;BUY
2016-04-08T19:48:45.000000;2016-04-08T19:48:45.307000;f73d2aee-64fa-4f98-9f9e-42fcbe36831c;9.968;1.5073;BUY
2016-04-08T19:51:26.000000;2016-04-08T19:51:26.423000;318198d7-5ce4-410b-8540-45ea5e5b0b9d;9.956;300.0;BUY
2016-04-08T19:51:26.000000;2016-04-08T19:51:26.440000;9eebb1b9-1108-4436-ab68-f318a4e16320;9.957;8.0;BUY
2016-04-08T19:52:02.000000;2016-04-08T19:52:02.927000;fd2cfce8-cac0-43ce-8ebb-a8df7ddbb3d2;9.955;8.0;BUY
2016-04-08T19:57:27.000000;2016-04-08T19:57:27.160000;61b703cb-2a66-4cd2-a3dc-2dba3b34f6d1;9.951;30.0;BUY
2016-04-08T19:58:28.000000;2016-04-08T19:58:28.630000;1125b215-4c6c-44ac-97d0-1d66ebb63ce1;9.964;1.0;BUY
2016-04-08T19:59:45.000000;2016-04-08T19:59:45.903000;5fec79f7-1cf4-4082-aa64-a0dd13976b92;9.947;20.0;BUY
2016-04-08T20:00:42.000000;2016-04-08T20:00:42.510000;d56889b9-e23d-4a5c-8c41-368531cec22d;9.97;1.0;BUY
2016-04-08T20:00:57.000000;2016-04-08T20:00:57.957000;5f9e346e-6b28-4bc8-ab08-72187d1ba660;9.97;5.0;BUY
2016-04-08T20:01:10.000000;2016-04-08T20:01:10.970000;4374ce42-df2d-4491-b2c9-08874e7a5402;9.97;5.0;BUY
2016-04-08T20:01:48.000000;2016-04-08T20:01:48.483000;10d7b071-5fd1-47f3-b146-69799df21eb3;9.97;1.0;BUY
2016-04-08T20:10:01.000000;2016-04-08T20:10:01.687000;b17c72c9-730b-4747-9ab4-54f23457c4f8;9.97;0.2;BUY
2016-04-08T20:13:49.000000;2016-04-08T20:13:49.690000;67d72e66-c634-40f8-aadc-61d1fa093dee;9.97;27.268;BUY
2016-04-08T20:15:50.000000;2016-04-08T20:15:50.277000;7039a6d2-6fd8-48f4-ae4c-49b5d42e6f18;9.96;0.2;SELL
2016-04-08T20:15:50.000000;2016-04-08T20:15:50.293000;98764dc9-6ce6-4260-bf26-2b18f8333ad9;9.95;0.2;SELL
2016-04-08T20:15:50.000000;2016-04-08T20:15:50.297000;013055d8-b1fe-423d-9ad5-fc0c258c3f9c;9.94;0.2;SELL
2016-04-08T20:15:50.000000;2016-04-08T20:15:50.330000;4db794b0-123d-4377-99a8-61f7ed20500b;9.931;99.4;SELL
2016-04-08T20:16:12.000000;2016-04-08T20:16:12.797000;0483ccce-9a83-41bf-b3dd-128f5f54c3dc;9.97;2.0;BUY
2016-04-08T20:19:09.000000;2016-04-08T20:19:09.683000;8300ad19-7961-4a5a-9e93-6c22b1a030e6;9.94;1.42756015;SELL
2016-04-08T20:19:13.000000;2016-04-08T20:19:13.483000;f80d1c2e-69f8-43ff-bf61-f54f5e905114;9.94;1.42756015;SELL
2016-04-08T20:30:58.000000;2016-04-08T20:30:58.570000;5a5d6143-c532-4374-8daf-ff3eb58a7a34;9.979;1.0;BUY
2016-04-08T20:45:44.000000;2016-04-08T20:45:44.283000;fb9dacfd-11f3-43cb-b139-8c02c3557121;9.958;99.0;SELL
2016-04-08T20:50:59.000000;2016-04-08T20:50:59.873000;316b882e-8779-43ca-b405-20ee2ac234f2;9.941;0.50664258;SELL
2016-04-08T20:53:56.000000;2016-04-08T20:53:56.073000;42b900d1-51b7-480e-918f-61ac4856e3a3;9.941;50.0;SELL
2016-04-08T20:54:10.000000;2016-04-08T20:54:10.627000;985a78c0-ee5b-4cb0-92f3-c4ac0cebefc1;9.931;50.0;SELL
2016-04-08T20:54:26.000000;2016-04-08T20:54:26.373000;85296b6a-75ef-4a01-a23b-91e4d9da76bc;9.931;50.0;SELL
2016-04-08T20:54:40.000000;2016-04-08T20:54:40.743000;715171b0-fa8a-4c6d-ae43-6efa0bf61b7f;9.958;0.2;BUY
2016-04-08T20:54:40.000000;2016-04-08T20:54:40.750000;38ec536d-5397-404e-a23c-b1d3d625153e;9.96;0.3;BUY
2016-04-08T21:04:58.000000;2016-04-08T21:04:58.703000;a0df73d9-5b80-4511-bcbf-c7803f092581;9.96;0.5;SELL
2016-04-08T21:06:49.000000;2016-04-08T21:06:50.037000;b6316d26-9d95-4256-a0eb-e297b31c3cfa;9.93;4.16;SELL
2016-04-08T21:06:51.000000;2016-04-08T21:06:51.197000;6e87cc05-996b-48a5-b71a-cf34018864ee;9.93;5.84;SELL
2016-04-08T21:10:19.000000;2016-04-08T21:10:19.840000;54056158-3288-42a6-ba06-40919122dac8;9.9;50.0;SELL
2016-04-08T21:22:21.000000;2016-04-08T21:22:21.320000;05309336-d5d2-4eb5-82c1-4aa83bbeba42;9.865;101.9964;BUY
2016-04-08T21:22:21.000000;2016-04-08T21:22:21.333000;9107c077-0ba3-48da-a4b9-acfd26ab6df2;9.903;0.0036;BUY
2016-04-08T21:22:36.000000;2016-04-08T21:22:36.770000;29639234-f7cb-4581-ab14-b828b0d7ed10;9.9;0.74708981;BUY
2016-04-08T21:22:36.000000;2016-04-08T21:22:36.777000;55718697-626f-4fcf-8ca2-3da2766b4646;9.901;1.09789585;BUY
2016-04-08T21:22:36.000000;2016-04-08T21:22:36.797000;9f4062d8-1a6c-43d4-867d-3af345ddd565;9.903;0.3467;BUY
2016-04-08T21:22:36.000000;2016-04-08T21:22:36.813000;a0e97463-7e29-4bac-84d0-1e99124cf7bd;9.903;0.3503;BUY
2016-04-08T21:22:36.000000;2016-04-08T21:22:36.813000;1e512dcd-967e-4e64-9846-f2642779cff9;9.962;0.45801434;BUY
2016-04-08T21:40:43.000000;2016-04-08T21:40:43.300000;746ada10-5bc3-4a38-b432-6f23a27469f2;9.964;19.0;SELL
2016-04-08T21:45:19.000000;2016-04-08T21:45:19.953000;bf9ba848-2f9a-4158-9b71-0fa3305bfeab;9.959;0.5489479;BUY
2016-04-08T21:45:19.000000;2016-04-08T21:45:19.973000;43abbee2-4c70-4ad5-8eef-6560ba52dd5d;9.96;18.4510521;BUY
2016-04-08T22:15:40.000000;2016-04-08T22:15:40.550000;4b9be562-5de1-4cd9-aa44-aa749d51e3df;9.844;1.10390734;BUY
2016-04-08T22:15:41.000000;2016-04-08T22:15:42.030000;bbeeb295-c966-4fa0-b6d3-070f1a76f939;9.844;1.10390734;BUY
2016-04-08T22:19:19.000000;2016-04-08T22:19:19.997000;42823e80-d3fb-48b4-b9c3-f4f485946181;9.842;5.0;SELL
2016-04-08T22:21:56.000000;2016-04-08T22:21:56.760000;1ba4bf8e-57d8-4e74-a815-75b3da236e66;9.842;19.98;SELL
2016-04-08T22:23:23.000000;2016-04-08T22:23:23.537000;c467e99a-9307-4d3e-bb18-28d8e2c66cda;9.84;20.0;SELL
2016-04-08T22:23:26.000000;2016-04-08T22:23:26.353000;d6910685-4f37-41fd-afb9-e937c8e67ba2;9.83;20.0;SELL
2016-04-08T22:23:29.000000;2016-04-08T22:23:29.287000;a4d8c5c5-462e-4750-92a9-e9ca5816c2e7;9.818;11.49;SELL
2016-04-08T22:23:44.000000;2016-04-08T22:23:44.090000;8c905d04-18da-40cf-8bb7-4201f27efca8;9.764;0.29278835;SELL
2016-04-08T22:25:52.000000;2016-04-08T22:25:52.957000;1854abd8-2dd5-410f-89e0-e148ad4edc86;9.75;111.79;SELL
2016-04-08T22:25:54.000000;2016-04-08T22:25:54.643000;01da9a37-187a-4594-873c-21d96138821e;9.75;0.0043;SELL
2016-04-08T22:40:36.000000;2016-04-08T22:40:36.343000;7757da94-717d-41b7-979e-ae00322684c5;9.709;8.3;SELL
2016-04-08T22:40:36.000000;2016-04-08T22:40:36.357000;0f0d7209-55ec-4cde-a024-bb161bc18d27;9.708;102.406;SELL
2016-04-08T22:40:38.000000;2016-04-08T22:40:38.867000;e3d8cdcd-7cb0-4b00-b22e-360ac0100670;9.7;16.2977834;BUY
2016-04-08T22:55:18.000000;2016-04-08T22:55:18.907000;bd1a2f4d-ba08-4bff-a834-5f53fb03a15f;9.74;10.39466314;SELL
2016-04-08T22:55:31.000000;2016-04-08T22:55:31.320000;0662c400-eb97-47ba-808b-1e212e0e95f8;9.74;9.42;SELL
2016-04-08T22:55:33.000000;2016-04-08T22:55:33.367000;b7b6dc2e-3752-4790-84d3-7d48c08a6874;9.74;32.84;SELL
2016-04-08T22:55:33.000000;2016-04-08T22:55:33.560000;ab917acc-6ca1-4276-bfe3-942f885cb50e;9.74;47.34533686;SELL
2016-04-08T23:01:00.000000;2016-04-08T23:01:00.567000;ba30ab42-04ca-4ff2-ab5b-7ebe320faab7;9.71;0.2;SELL
2016-04-08T23:14:17.000000;2016-04-08T23:14:17.877000;1c7d97c8-1498-4bc4-8dcc-87c9a3f02c86;9.71;100.0;BUY
